MUNICIPALITY,BIOME,STATE,SOY_EQUIVALENT_TONS
Alto Boa Vista,AMAZONIA,MATO GROSSO,1030.80156074712
Alto Boa Vista,AMAZONIA,MATO GROSSO,92.0418812812573
Alto Boa Vista,AMAZONIA,MATO GROSSO,18.3350361118042
Alto Boa Vista,AMAZONIA,MATO GROSSO,1437.46683116545
Alto Boa Vista,AMAZONIA,MATO GROSSO,110.010216670825
Alto Boa Vista,AMAZONIA,MATO GROSSO,55.0051083354127
Alto Boa Vista,AMAZONIA,MATO GROSSO,143.013281672073
Bom Jesus Do Araguaia,AMAZONIA,MATO GROSSO,5262.0672433403
Bom Jesus Do Araguaia,AMAZONIA,MATO GROSSO,469.858202537529
Bom Jesus Do Araguaia,AMAZONIA,MATO GROSSO,93.5972515014999
Bom Jesus Do Araguaia,AMAZONIA,MATO GROSSO,7338.02451771759
Bom Jesus Do Araguaia,AMAZONIA,MATO GROSSO,561.583509008999
Bom Jesus Do Araguaia,AMAZONIA,MATO GROSSO,280.7917545045
Bom Jesus Do Araguaia,AMAZONIA,MATO GROSSO,730.058561711699
Canabrava Do Norte,AMAZONIA,MATO GROSSO,18.2745917646151
Canabrava Do Norte,AMAZONIA,MATO GROSSO,1.63176684020834
Canabrava Do Norte,AMAZONIA,MATO GROSSO,0.325053155419988
Canabrava Do Norte,AMAZONIA,MATO GROSSO,25.4841673849271
Canabrava Do Norte,AMAZONIA,MATO GROSSO,1.95031893251993
Canabrava Do Norte,AMAZONIA,MATO GROSSO,0.975159466259965
Canabrava Do Norte,AMAZONIA,MATO GROSSO,2.5354146122759
Gaucha Do Norte,AMAZONIA,MATO GROSSO,6388.8438263538
Gaucha Do Norte,AMAZONIA,MATO GROSSO,3812.39838753571
Gaucha Do Norte,AMAZONIA,MATO GROSSO,149.998768011475
Gaucha Do Norte,AMAZONIA,MATO GROSSO,59.9995072045899
Gaucha Do Norte,AMAZONIA,MATO GROSSO,1919.30383613518
Gaucha Do Norte,AMAZONIA,MATO GROSSO,862.364217123026
Gaucha Do Norte,AMAZONIA,MATO GROSSO,44196.1875023795
Gaucha Do Norte,AMAZONIA,MATO GROSSO,10071.1707822084
Gaucha Do Norte,AMAZONIA,MATO GROSSO,20217.0724506277
Gaucha Do Norte,AMAZONIA,MATO GROSSO,3409.75699456004
Gaucha Do Norte,AMAZONIA,MATO GROSSO,269.997782420655
Gaucha Do Norte,AMAZONIA,MATO GROSSO,1499.98768011475
Gaucha Do Norte,AMAZONIA,MATO GROSSO,1499.98768011475
Gaucha Do Norte,AMAZONIA,MATO GROSSO,2702.97779956678
Gaucha Do Norte,AMAZONIA,MATO GROSSO,2279.98127377442
Querencia,AMAZONIA,MATO GROSSO,15688.1887234131
Querencia,AMAZONIA,MATO GROSSO,1400.82287317432
Querencia,AMAZONIA,MATO GROSSO,279.048381110422
Querencia,AMAZONIA,MATO GROSSO,21877.3930790571
Querencia,AMAZONIA,MATO GROSSO,1674.29028666253
Querencia,AMAZONIA,MATO GROSSO,837.145143331266
Querencia,AMAZONIA,MATO GROSSO,2176.5773726613
Sao Felix Do Araguaia,AMAZONIA,MATO GROSSO,5473.4109366252
Sao Felix Do Araguaia,AMAZONIA,MATO GROSSO,488.729410990854
Sao Felix Do Araguaia,AMAZONIA,MATO GROSSO,97.3564563726801
Sao Felix Do Araguaia,AMAZONIA,MATO GROSSO,7632.74617961812
Sao Felix Do Araguaia,AMAZONIA,MATO GROSSO,584.13873823608
Sao Felix Do Araguaia,AMAZONIA,MATO GROSSO,292.06936911804
Sao Felix Do Araguaia,AMAZONIA,MATO GROSSO,759.380359706904
Sao Jose Do Xingu,AMAZONIA,MATO GROSSO,424.091336123461
Sao Jose Do Xingu,AMAZONIA,MATO GROSSO,37.8677777550062
Sao Jose Do Xingu,AMAZONIA,MATO GROSSO,7.5433820229096
Sao Jose Do Xingu,AMAZONIA,MATO GROSSO,591.401150596113
Sao Jose Do Xingu,AMAZONIA,MATO GROSSO,45.2602921374576
Sao Jose Do Xingu,AMAZONIA,MATO GROSSO,22.6301460687288
Sao Jose Do Xingu,AMAZONIA,MATO GROSSO,58.8383797786949
Abadia De Goias,CERRADO,GOIAS,0.39184776070303
Abadia De Goias,CERRADO,GOIAS,0.0359598689997171
Abadia De Goias,CERRADO,GOIAS,29.7046636978118
Abadia De Goias,CERRADO,GOIAS,10.6268423050603
Abadia De Goias,CERRADO,GOIAS,8.79698222778303
Abadia De Goias,CERRADO,GOIAS,1.88086925137455
Abadia De Goias,CERRADO,GOIAS,0.783695521406061
Abadia De Goias,CERRADO,GOIAS,1.56739104281212
Abadia De Goias,CERRADO,GOIAS,0.0313478208562424
Acreuna,CERRADO,GOIAS,27.7092325802487
Acreuna,CERRADO,GOIAS,2.54287627388942
Acreuna,CERRADO,GOIAS,2100.54392972412
Acreuna,CERRADO,GOIAS,751.46951075141
Acreuna,CERRADO,GOIAS,622.072271426583
Acreuna,CERRADO,GOIAS,133.004316385194
Acreuna,CERRADO,GOIAS,55.4184651604973
Acreuna,CERRADO,GOIAS,110.836930320995
Acreuna,CERRADO,GOIAS,2.21673860641989
Americano Do Brasil,CERRADO,GOIAS,0.139945628822511
Americano Do Brasil,CERRADO,GOIAS,0.0128428103570418
Americano Do Brasil,CERRADO,GOIAS,10.6088084635042
Americano Do Brasil,CERRADO,GOIAS,3.79530082323583
Americano Do Brasil,CERRADO,GOIAS,3.14177936706537
Americano Do Brasil,CERRADO,GOIAS,0.671739018348052
Americano Do Brasil,CERRADO,GOIAS,0.279891257645022
Americano Do Brasil,CERRADO,GOIAS,0.559782515290043
Americano Do Brasil,CERRADO,GOIAS,0.0111956503058009
Anicuns,CERRADO,GOIAS,0.783695521406061
Anicuns,CERRADO,GOIAS,0.0719197379994342
Anicuns,CERRADO,GOIAS,59.4093273956236
Anicuns,CERRADO,GOIAS,21.2536846101206
Anicuns,CERRADO,GOIAS,17.5939644555661
Anicuns,CERRADO,GOIAS,3.76173850274909
Anicuns,CERRADO,GOIAS,1.56739104281212
Anicuns,CERRADO,GOIAS,3.13478208562424
Anicuns,CERRADO,GOIAS,0.0626956417124849
Aracu,CERRADO,GOIAS,0.475815137996537
Aracu,CERRADO,GOIAS,0.0436655552139422
Aracu,CERRADO,GOIAS,36.0699487759143
Aracu,CERRADO,GOIAS,12.9040227990018
Aracu,CERRADO,GOIAS,10.6820498480223
Aracu,CERRADO,GOIAS,2.28391266238338
Aracu,CERRADO,GOIAS,0.951630275993074
Aracu,CERRADO,GOIAS,1.90326055198615
Aracu,CERRADO,GOIAS,0.0380652110397229
Araguapaz,CERRADO,GOIAS,1.14699415548034
Araguapaz,CERRADO,GOIAS,0.105259653648431
Araguapaz,CERRADO,GOIAS,86.9497776145786
Araguapaz,CERRADO,GOIAS,31.1062796256554
Araguapaz,CERRADO,GOIAS,25.7500187905336
Araguapaz,CERRADO,GOIAS,5.50557194630562
Araguapaz,CERRADO,GOIAS,2.29398831096068
Araguapaz,CERRADO,GOIAS,4.58797662192135
Araguapaz,CERRADO,GOIAS,0.091759532438427
Avelinopolis,CERRADO,GOIAS,0.447826012232035
Avelinopolis,CERRADO,GOIAS,0.0410969931425338
Avelinopolis,CERRADO,GOIAS,33.9481870832135
Avelinopolis,CERRADO,GOIAS,12.1449626343546
Avelinopolis,CERRADO,GOIAS,10.0536939746092
Avelinopolis,CERRADO,GOIAS,2.14956485871377
Avelinopolis,CERRADO,GOIAS,0.895652024464069
Avelinopolis,CERRADO,GOIAS,1.79130404892814
Avelinopolis,CERRADO,GOIAS,0.0358260809785628
Bela Vista De Goias,CERRADO,GOIAS,4.0631177385107
Bela Vista De Goias,CERRADO,GOIAS,0.372872314863127
Bela Vista De Goias,CERRADO,GOIAS,308.011319933366
Bela Vista De Goias,CERRADO,GOIAS,110.191037959688
Bela Vista De Goias,CERRADO,GOIAS,91.2169932295652
Bela Vista De Goias,CERRADO,GOIAS,19.5029651448513
Bela Vista De Goias,CERRADO,GOIAS,8.1262354770214
Bela Vista De Goias,CERRADO,GOIAS,16.2524709540428
Bela Vista De Goias,CERRADO,GOIAS,0.325049419080856
Campestre De Goias,CERRADO,GOIAS,0.237907247896855
Campestre De Goias,CERRADO,GOIAS,0.0218327481394944
Campestre De Goias,CERRADO,GOIAS,18.0349500463367
Campestre De Goias,CERRADO,GOIAS,6.45200269128709
Campestre De Goias,CERRADO,GOIAS,5.3410177152844
Campestre De Goias,CERRADO,GOIAS,1.14195478990491
Campestre De Goias,CERRADO,GOIAS,0.475814495793711
Campestre De Goias,CERRADO,GOIAS,0.951628991587422
Campestre De Goias,CERRADO,GOIAS,0.0190325798317484
Caturai,CERRADO,GOIAS,0.0307878456801046
Caturai,CERRADO,GOIAS,0.0028254005980632
Caturai,CERRADO,GOIAS,2.33392325699862
Caturai,CERRADO,GOIAS,0.834960956183597
Caturai,CERRADO,GOIAS,0.691187135518348
Caturai,CERRADO,GOIAS,0.147781659264502
Caturai,CERRADO,GOIAS,0.0615756913602092
Caturai,CERRADO,GOIAS,0.123151382720418
Caturai,CERRADO,GOIAS,0.00246302765440837
Cezarina,CERRADO,GOIAS,1.13355927236092
Cezarina,CERRADO,GOIAS,0.104026734424562
Cezarina,CERRADO,GOIAS,85.9313242127637
Cezarina,CERRADO,GOIAS,30.7419279599964
Cezarina,CERRADO,GOIAS,25.4484056645028
Cezarina,CERRADO,GOIAS,5.44108450733244
Cezarina,CERRADO,GOIAS,2.26711854472185
Cezarina,CERRADO,GOIAS,4.5342370894437
Cezarina,CERRADO,GOIAS,0.090684741788874
Cristalina,CERRADO,GOIAS,95.1537419886466
Cristalina,CERRADO,GOIAS,8.7322589022981
Cristalina,CERRADO,GOIAS,7213.28584420119
Cristalina,CERRADO,GOIAS,2580.5527356735
Cristalina,CERRADO,GOIAS,2136.20150764512
Cristalina,CERRADO,GOIAS,456.737961545504
Cristalina,CERRADO,GOIAS,190.307483977293
Cristalina,CERRADO,GOIAS,380.614967954586
Cristalina,CERRADO,GOIAS,7.61229935909173
Edealina,CERRADO,GOIAS,21.3411467890616
Edealina,CERRADO,GOIAS,1.95847704083218
Edealina,CERRADO,GOIAS,1617.80071719013
Edealina,CERRADO,GOIAS,578.768144877515
Edealina,CERRADO,GOIAS,479.108745414433
Edealina,CERRADO,GOIAS,102.437504587496
Edealina,CERRADO,GOIAS,42.6822935781232
Edealina,CERRADO,GOIAS,85.3645871562464
Edealina,CERRADO,GOIAS,1.70729174312493
Firminopolis,CERRADO,GOIAS,4.03043411008831
Firminopolis,CERRADO,GOIAS,0.369872938282804
Firminopolis,CERRADO,GOIAS,305.533683748922
Firminopolis,CERRADO,GOIAS,109.304663709192
Firminopolis,CERRADO,GOIAS,90.4832457714826
Firminopolis,CERRADO,GOIAS,19.3460837284239
Firminopolis,CERRADO,GOIAS,8.06086822017663
Firminopolis,CERRADO,GOIAS,16.1217364403533
Firminopolis,CERRADO,GOIAS,0.322434728807065
Goianapolis,CERRADO,GOIAS,1.01880404938731
Goianapolis,CERRADO,GOIAS,0.0934956476122738
Goianapolis,CERRADO,GOIAS,77.2321158776625
Goianapolis,CERRADO,GOIAS,27.6297865098713
Goianapolis,CERRADO,GOIAS,22.8721509087452
Goianapolis,CERRADO,GOIAS,4.89025943705911
Goianapolis,CERRADO,GOIAS,2.03760809877463
Goianapolis,CERRADO,GOIAS,4.07521619754926
Goianapolis,CERRADO,GOIAS,0.0815043239509851
Goiania,CERRADO,GOIAS,0.0652144125721879
Goiania,CERRADO,GOIAS,0.00598472664174969
Goiania,CERRADO,GOIAS,4.94368575752897
Goiania,CERRADO,GOIAS,1.76860339122113
Goiania,CERRADO,GOIAS,1.46406356224562
Goiania,CERRADO,GOIAS,0.313029180346502
Goiania,CERRADO,GOIAS,0.130428825144376
Goiania,CERRADO,GOIAS,0.260857650288752
Goiania,CERRADO,GOIAS,0.00521715300577503
Goias,CERRADO,GOIAS,2.61978165779514
Goias,CERRADO,GOIAS,0.24041736273586
Goias,CERRADO,GOIAS,198.596855490206
Goias,CERRADO,GOIAS,71.0480174778325
Goias,CERRADO,GOIAS,58.8140982175009
Goias,CERRADO,GOIAS,12.5749519574167
Goias,CERRADO,GOIAS,5.23956331559028
Goias,CERRADO,GOIAS,10.4791266311806
Goias,CERRADO,GOIAS,0.209582532623611
Guapo,CERRADO,GOIAS,0.470217055962506
Guapo,CERRADO,GOIAS,0.0431518192256792
Guapo,CERRADO,GOIAS,35.6455769640778
Guapo,CERRADO,GOIAS,12.7522037995013
Guapo,CERRADO,GOIAS,10.5563729063583
Guapo,CERRADO,GOIAS,2.25704186862003
Guapo,CERRADO,GOIAS,0.940434111925012
Guapo,CERRADO,GOIAS,1.88086822385002
Guapo,CERRADO,GOIAS,0.0376173644770005
Heitorai,CERRADO,GOIAS,0.0783692952594757
Heitorai,CERRADO,GOIAS,0.00719195022596208
Heitorai,CERRADO,GOIAS,5.94091326626596
Heitorai,CERRADO,GOIAS,2.12536149444102
Heitorai,CERRADO,GOIAS,1.75939067857523
Heitorai,CERRADO,GOIAS,0.376172617245483
Heitorai,CERRADO,GOIAS,0.156738590518951
Heitorai,CERRADO,GOIAS,0.313477181037903
Heitorai,CERRADO,GOIAS,0.00626954362075805
Indiara,CERRADO,GOIAS,8.39673708714782
Indiara,CERRADO,GOIAS,0.770568562487556
Indiara,CERRADO,GOIAS,636.528459127012
Indiara,CERRADO,GOIAS,227.718031977721
Indiara,CERRADO,GOIAS,188.506747606469
Indiara,CERRADO,GOIAS,40.3043380183096
Indiara,CERRADO,GOIAS,16.7934741742956
Indiara,CERRADO,GOIAS,33.5869483485913
Indiara,CERRADO,GOIAS,0.671738966971826
Inhumas,CERRADO,GOIAS,0.503804263761039
Inhumas,CERRADO,GOIAS,0.0462341172853506
Inhumas,CERRADO,GOIAS,38.1917104686152
Inhumas,CERRADO,GOIAS,13.663082963649
Inhumas,CERRADO,GOIAS,11.3104057214353
Inhumas,CERRADO,GOIAS,2.41826046605299
Inhumas,CERRADO,GOIAS,1.00760852752208
Inhumas,CERRADO,GOIAS,2.01521705504416
Inhumas,CERRADO,GOIAS,0.0403043411008831
Itaberai,CERRADO,GOIAS,10.4959215194855
Itaberai,CERRADO,GOIAS,0.963210717843183
Itaberai,CERRADO,GOIAS,795.660586079576
Itaberai,CERRADO,GOIAS,284.647544326259
Itaberai,CERRADO,GOIAS,235.633438112449
Itaberai,CERRADO,GOIAS,50.3804232935303
Itaberai,CERRADO,GOIAS,20.991843038971
Itaberai,CERRADO,GOIAS,41.983686077942
Itaberai,CERRADO,GOIAS,0.839673721558839
Itapuranga,CERRADO,GOIAS,0.201521962385546
Itapuranga,CERRADO,GOIAS,0.0184936704881216
Itapuranga,CERRADO,GOIAS,15.2767036607424
Itapuranga,CERRADO,GOIAS,5.46524015203063
Itapuranga,CERRADO,GOIAS,4.52416805555551
Itapuranga,CERRADO,GOIAS,0.967305419450621
Itapuranga,CERRADO,GOIAS,0.403043924771092
Itapuranga,CERRADO,GOIAS,0.806087849542184
Itapuranga,CERRADO,GOIAS,0.0161217569908437
Itaucu,CERRADO,GOIAS,0.405842002483868
Itaucu,CERRADO,GOIAS,0.0372441205679446
Itaucu,CERRADO,GOIAS,30.7655202025417
Itaucu,CERRADO,GOIAS,11.0063636791701
Itaucu,CERRADO,GOIAS,9.11115295576285
Itaucu,CERRADO,GOIAS,1.94804161192257
Itaucu,CERRADO,GOIAS,0.811684004967737
Itaucu,CERRADO,GOIAS,1.62336800993547
Itaucu,CERRADO,GOIAS,0.0324673601987095
Jandaia,CERRADO,GOIAS,7.44510681115475
Jandaia,CERRADO,GOIAS,0.683237452059671
Jandaia,CERRADO,GOIAS,564.388561575184
Jandaia,CERRADO,GOIAS,201.909986379718
Jandaia,CERRADO,GOIAS,167.142647910424
Jandaia,CERRADO,GOIAS,35.7365126935428
Jandaia,CERRADO,GOIAS,14.8902136223095
Jandaia,CERRADO,GOIAS,29.780427244619
Jandaia,CERRADO,GOIAS,0.59560854489238
Leopoldo De Bulhoes,CERRADO,GOIAS,4.06402067568402
Leopoldo De Bulhoes,CERRADO,GOIAS,0.372955177407522
Leopoldo De Bulhoes,CERRADO,GOIAS,308.079768570218
Leopoldo De Bulhoes,CERRADO,GOIAS,110.215525456912
Leopoldo De Bulhoes,CERRADO,GOIAS,91.2372641691062
Leopoldo De Bulhoes,CERRADO,GOIAS,19.5072992432833
Leopoldo De Bulhoes,CERRADO,GOIAS,8.12804135136804
Leopoldo De Bulhoes,CERRADO,GOIAS,16.2560827027361
Leopoldo De Bulhoes,CERRADO,GOIAS,0.325121654054722
Maurilandia,CERRADO,GOIAS,4.70217248623354
Maurilandia,CERRADO,GOIAS,0.431518369061652
Maurilandia,CERRADO,GOIAS,356.455915690501
Maurilandia,CERRADO,GOIAS,127.522090244296
Maurilandia,CERRADO,GOIAS,105.563772315943
Maurilandia,CERRADO,GOIAS,22.570427933921
Maurilandia,CERRADO,GOIAS,9.40434497246708
Maurilandia,CERRADO,GOIAS,18.8086899449342
Maurilandia,CERRADO,GOIAS,0.376173798898683
Mossamedes,CERRADO,GOIAS,0.310679103325126
Mossamedes,CERRADO,GOIAS,0.0285110213121468
Mossamedes,CERRADO,GOIAS,23.5515401840071
Mossamedes,CERRADO,GOIAS,8.42556260265524
Mossamedes,CERRADO,GOIAS,6.97474586964909
Mossamedes,CERRADO,GOIAS,1.49125969596061
Mossamedes,CERRADO,GOIAS,0.621358206650253
Mossamedes,CERRADO,GOIAS,1.24271641330051
Mossamedes,CERRADO,GOIAS,0.0248543282660101
Nazario,CERRADO,GOIAS,0.531793389525541
Nazario,CERRADO,GOIAS,0.0488026793567589
Nazario,CERRADO,GOIAS,40.313472161316
Nazario,CERRADO,GOIAS,14.4221431282961
Nazario,CERRADO,GOIAS,11.9387615948484
Nazario,CERRADO,GOIAS,2.5526082697226
Nazario,CERRADO,GOIAS,1.06358677905108
Nazario,CERRADO,GOIAS,2.12717355810216
Nazario,CERRADO,GOIAS,0.0425434711620433
Neropolis,CERRADO,GOIAS,0.279891257645022
Neropolis,CERRADO,GOIAS,0.0256856207140836
Neropolis,CERRADO,GOIAS,21.2176169270084
Neropolis,CERRADO,GOIAS,7.59060164647164
Neropolis,CERRADO,GOIAS,6.28355873413074
Neropolis,CERRADO,GOIAS,1.3434780366961
Neropolis,CERRADO,GOIAS,0.559782515290043
Neropolis,CERRADO,GOIAS,1.11956503058009
Neropolis,CERRADO,GOIAS,0.0223913006116017
Nova Veneza,CERRADO,GOIAS,0.13434754678848
Nova Veneza,CERRADO,GOIAS,0.0123290743687788
Nova Veneza,CERRADO,GOIAS,10.1844366516677
Nova Veneza,CERRADO,GOIAS,3.64348182373534
Nova Veneza,CERRADO,GOIAS,3.01610242540138
Nova Veneza,CERRADO,GOIAS,0.644868224584704
Nova Veneza,CERRADO,GOIAS,0.26869509357696
Nova Veneza,CERRADO,GOIAS,0.53739018715392
Nova Veneza,CERRADO,GOIAS,0.0107478037430784
Palmeiras De Goias,CERRADO,GOIAS,13.9919484745465
Palmeiras De Goias,CERRADO,GOIAS,1.28404111150914
Palmeiras De Goias,CERRADO,GOIAS,1060.68265687629
Palmeiras De Goias,CERRADO,GOIAS,379.459180046771
Palmeiras De Goias,CERRADO,GOIAS,314.11924325357
Palmeiras De Goias,CERRADO,GOIAS,67.1613526778234
Palmeiras De Goias,CERRADO,GOIAS,27.9838969490931
Palmeiras De Goias,CERRADO,GOIAS,55.9677938981861
Palmeiras De Goias,CERRADO,GOIAS,1.11935587796372
Palminopolis,CERRADO,GOIAS,1.13355927236092
Palminopolis,CERRADO,GOIAS,0.104026734424562
Palminopolis,CERRADO,GOIAS,85.9313242127637
Palminopolis,CERRADO,GOIAS,30.7419279599964
Palminopolis,CERRADO,GOIAS,25.4484056645028
Palminopolis,CERRADO,GOIAS,5.44108450733244
Palminopolis,CERRADO,GOIAS,2.26711854472185
Palminopolis,CERRADO,GOIAS,4.5342370894437
Palminopolis,CERRADO,GOIAS,0.090684741788874
Parauna,CERRADO,GOIAS,26.6131574024343
Parauna,CERRADO,GOIAS,2.4422894548214
Parauna,CERRADO,GOIAS,2017.4541489223
Parauna,CERRADO,GOIAS,721.744144838315
Parauna,CERRADO,GOIAS,597.46538368465
Parauna,CERRADO,GOIAS,127.743155531685
Parauna,CERRADO,GOIAS,53.2263148048686
Parauna,CERRADO,GOIAS,106.452629609737
Parauna,CERRADO,GOIAS,2.12905259219474
Porteirao,CERRADO,GOIAS,7.68553342073791
Porteirao,CERRADO,GOIAS,0.705301402021118
Porteirao,CERRADO,GOIAS,582.614495975981
Porteirao,CERRADO,GOIAS,208.43031371653
Porteirao,CERRADO,GOIAS,172.540225295566
Porteirao,CERRADO,GOIAS,36.890560419542
Porteirao,CERRADO,GOIAS,15.3710668414758
Porteirao,CERRADO,GOIAS,30.7421336829516
Porteirao,CERRADO,GOIAS,0.614842673659033
Rio Verde,CERRADO,GOIAS,208.239078990623
Rio Verde,CERRADO,GOIAS,19.1101002789694
Rio Verde,CERRADO,GOIAS,15785.90572793
Rio Verde,CERRADO,GOIAS,5647.40717214779
Rio Verde,CERRADO,GOIAS,4674.96732333948
Rio Verde,CERRADO,GOIAS,999.547579154989
Rio Verde,CERRADO,GOIAS,416.478157981245
Rio Verde,CERRADO,GOIAS,832.956315962491
Rio Verde,CERRADO,GOIAS,16.6591263192498
Santa Rosa De Goias,CERRADO,GOIAS,0.423475607679511
Santa Rosa De Goias,CERRADO,GOIAS,0.0388623565167487
Santa Rosa De Goias,CERRADO,GOIAS,32.1022646340444
Santa Rosa De Goias,CERRADO,GOIAS,11.4845839485614
Santa Rosa De Goias,CERRADO,GOIAS,9.50702739240503
Santa Rosa De Goias,CERRADO,GOIAS,2.03268291686165
Santa Rosa De Goias,CERRADO,GOIAS,0.846951215359023
Santa Rosa De Goias,CERRADO,GOIAS,1.69390243071805
Santa Rosa De Goias,CERRADO,GOIAS,0.0338780486143609
Santo Antonio Da Barra,CERRADO,GOIAS,3.44825990886497
Santo Antonio Da Barra,CERRADO,GOIAS,0.316446811836538
Santo Antonio Da Barra,CERRADO,GOIAS,261.4010113308
Santo Antonio Da Barra,CERRADO,GOIAS,93.516201834674
Santo Antonio Da Barra,CERRADO,GOIAS,77.4134349540186
Santo Antonio Da Barra,CERRADO,GOIAS,16.5516475625519
Santo Antonio Da Barra,CERRADO,GOIAS,6.89651981772994
Santo Antonio Da Barra,CERRADO,GOIAS,13.7930396354599
Santo Antonio Da Barra,CERRADO,GOIAS,0.275860792709198
Santo Antonio De Goias,CERRADO,GOIAS,0.834075690901034
Santo Antonio De Goias,CERRADO,GOIAS,0.0765431261539879
Santo Antonio De Goias,CERRADO,GOIAS,63.2284789691887
Santo Antonio De Goias,CERRADO,GOIAS,22.6199859399145
Santo Antonio De Goias,CERRADO,GOIAS,18.7249992607282
Santo Antonio De Goias,CERRADO,GOIAS,4.00356331632496
Santo Antonio De Goias,CERRADO,GOIAS,1.66815138180207
Santo Antonio De Goias,CERRADO,GOIAS,3.33630276360414
Santo Antonio De Goias,CERRADO,GOIAS,0.0667260552720827
Sao Joao Da Parauna,CERRADO,GOIAS,3.4006784592856
Sao Joao Da Parauna,CERRADO,GOIAS,0.31208026220864
Sao Joao Da Parauna,CERRADO,GOIAS,257.794021321532
Sao Joao Da Parauna,CERRADO,GOIAS,92.2258012964166
Sao Joao Da Parauna,CERRADO,GOIAS,76.3452314109617
Sao Joao Da Parauna,CERRADO,GOIAS,16.3232566045709
Sao Joao Da Parauna,CERRADO,GOIAS,6.8013569185712
Sao Joao Da Parauna,CERRADO,GOIAS,13.6027138371424
Sao Joao Da Parauna,CERRADO,GOIAS,0.272054276742848
Sao Luis De Montes Belos,CERRADO,GOIAS,0.419836886467532
Sao Luis De Montes Belos,CERRADO,GOIAS,0.0385284310711255
Sao Luis De Montes Belos,CERRADO,GOIAS,31.8264253905126
Sao Luis De Montes Belos,CERRADO,GOIAS,11.3859024697075
Sao Luis De Montes Belos,CERRADO,GOIAS,9.4253381011961
Sao Luis De Montes Belos,CERRADO,GOIAS,2.01521705504416
Sao Luis De Montes Belos,CERRADO,GOIAS,0.839673772935065
Sao Luis De Montes Belos,CERRADO,GOIAS,1.67934754587013
Sao Luis De Montes Belos,CERRADO,GOIAS,0.0335869509174026
Taquaral De Goias,CERRADO,GOIAS,0.363858634938528
Taquaral De Goias,CERRADO,GOIAS,0.0333913069283087
Taquaral De Goias,CERRADO,GOIAS,27.582902005111
Taquaral De Goias,CERRADO,GOIAS,9.86778214041314
Taquaral De Goias,CERRADO,GOIAS,8.16862635436996
Taquaral De Goias,CERRADO,GOIAS,1.74652144770494
Taquaral De Goias,CERRADO,GOIAS,0.727717269877056
Taquaral De Goias,CERRADO,GOIAS,1.45543453975411
Taquaral De Goias,CERRADO,GOIAS,0.0291086907950823
Trindade,CERRADO,GOIAS,1.368668442545
Trindade,CERRADO,GOIAS,0.125602702972355
Trindade,CERRADO,GOIAS,103.754161378044
Trindade,CERRADO,GOIAS,37.1180472761746
Trindade,CERRADO,GOIAS,30.7266065351353
Trindade,CERRADO,GOIAS,6.56960852421602
Trindade,CERRADO,GOIAS,2.73733688509001
Trindade,CERRADO,GOIAS,5.47467377018002
Trindade,CERRADO,GOIAS,0.1094934754036
Turvania,CERRADO,GOIAS,3.76173837430853
Turvania,CERRADO,GOIAS,0.345214730610293
Turvania,CERRADO,GOIAS,285.164761762345
Turvania,CERRADO,GOIAS,102.017682645293
Turvania,CERRADO,GOIAS,84.4510265032264
Turvania,CERRADO,GOIAS,18.0563441966809
Turvania,CERRADO,GOIAS,7.52347674861705
Turvania,CERRADO,GOIAS,15.0469534972341
Turvania,CERRADO,GOIAS,0.300939069944682
Turvelandia,CERRADO,GOIAS,16.7943135333892
Turvelandia,CERRADO,GOIAS,1.54121415295913
Turvelandia,CERRADO,GOIAS,1273.12054725002
Turvelandia,CERRADO,GOIAS,455.458827226333
Turvelandia,CERRADO,GOIAS,377.032338824587
Turvelandia,CERRADO,GOIAS,80.6127049602682
Turvelandia,CERRADO,GOIAS,33.5886270667784
Turvelandia,CERRADO,GOIAS,67.1772541335568
Turvelandia,CERRADO,GOIAS,1.34354508267114
Varjao,CERRADO,GOIAS,0.313478465443555
Varjao,CERRADO,GOIAS,0.028767918773755
Varjao,CERRADO,GOIAS,23.7637504315458
Varjao,CERRADO,GOIAS,8.50148081061928
Varjao,CERRADO,GOIAS,7.0375915492078
Varjao,CERRADO,GOIAS,1.50469663412906
Varjao,CERRADO,GOIAS,0.626956930887109
Varjao,CERRADO,GOIAS,1.25391386177422
Varjao,CERRADO,GOIAS,0.0250782772354844
Vicentinopolis,CERRADO,GOIAS,12.3980620697431
Vicentinopolis,CERRADO,GOIAS,1.13777015614033
Vicentinopolis,CERRADO,GOIAS,939.855477610921
Vicentinopolis,CERRADO,GOIAS,336.233261272509
Vicentinopolis,CERRADO,GOIAS,278.336493465733
Vicentinopolis,CERRADO,GOIAS,59.510697934767
Vicentinopolis,CERRADO,GOIAS,24.7961241394863
Vicentinopolis,CERRADO,GOIAS,49.5922482789725
Vicentinopolis,CERRADO,GOIAS,0.991844965579451
Balsas,CERRADO,MARANHAO,14236.1024234186
Balsas,CERRADO,MARANHAO,45.1796375081172
Balsas,CERRADO,MARANHAO,1219.85021271916
Balsas,CERRADO,MARANHAO,80.8715511395298
Balsas,CERRADO,MARANHAO,1120.45501020131
Fortaleza Dos Nogueiras,CERRADO,MARANHAO,1038.48776308002
Fortaleza Dos Nogueiras,CERRADO,MARANHAO,3.29574059648442
Fortaleza Dos Nogueiras,CERRADO,MARANHAO,88.9849961050793
Fortaleza Dos Nogueiras,CERRADO,MARANHAO,5.89937566770711
Fortaleza Dos Nogueiras,CERRADO,MARANHAO,81.7343667928136
Loreto,CERRADO,MARANHAO,1005.20238004429
Loreto,CERRADO,MARANHAO,3.19010623848772
Loreto,CERRADO,MARANHAO,86.1328684391685
Loreto,CERRADO,MARANHAO,5.71029016689302
Loreto,CERRADO,MARANHAO,79.1146347144954
Nova Colinas,CERRADO,MARANHAO,439.586701185516
Nova Colinas,CERRADO,MARANHAO,1.39507059040823
Nova Colinas,CERRADO,MARANHAO,37.6669059410222
Nova Colinas,CERRADO,MARANHAO,2.49717635683073
Nova Colinas,CERRADO,MARANHAO,34.5977506421241
Sambaiba,CERRADO,MARANHAO,3055.13926590834
Sambaiba,CERRADO,MARANHAO,9.69577771114464
Sambaiba,CERRADO,MARANHAO,261.785998200905
Sambaiba,CERRADO,MARANHAO,17.3554421029489
Sambaiba,CERRADO,MARANHAO,240.455287236387
Sao Raimundo Das Mangabeiras,CERRADO,MARANHAO,1409.74346386363
Sao Raimundo Das Mangabeiras,CERRADO,MARANHAO,4.47395619829359
Sao Raimundo Das Mangabeiras,CERRADO,MARANHAO,120.796817353927
Sao Raimundo Das Mangabeiras,CERRADO,MARANHAO,8.00838159494553
Sao Raimundo Das Mangabeiras,CERRADO,MARANHAO,110.954113717681
Tasso Fragoso,CERRADO,MARANHAO,10325.7350024996
Tasso Fragoso,CERRADO,MARANHAO,32.7697111570642
Tasso Fragoso,CERRADO,MARANHAO,884.782201240734
Tasso Fragoso,CERRADO,MARANHAO,58.6577829711449
Tasso Fragoso,CERRADO,MARANHAO,812.688836695193
Luciara,CERRADO,MATO GROSSO,33.0534462624092
Luciara,CERRADO,MATO GROSSO,2.95139384016458
Luciara,CERRADO,MATO GROSSO,0.587927059793742
Luciara,CERRADO,MATO GROSSO,46.0934814878293
Luciara,CERRADO,MATO GROSSO,3.52756235876245
Luciara,CERRADO,MATO GROSSO,1.76378117938122
Luciara,CERRADO,MATO GROSSO,4.58583106639118
Paranatinga,CERRADO,MATO GROSSO,1771.74231318944
Paranatinga,CERRADO,MATO GROSSO,1057.24724559234
Paranatinga,CERRADO,MATO GROSSO,41.5973799697477
Paranatinga,CERRADO,MATO GROSSO,16.6389519878991
Paranatinga,CERRADO,MATO GROSSO,532.257777897228
Paranatinga,CERRADO,MATO GROSSO,239.149244274035
Paranatinga,CERRADO,MATO GROSSO,12256.404696671
Paranatinga,CERRADO,MATO GROSSO,2792.91839074101
Paranatinga,CERRADO,MATO GROSSO,5606.56101215675
Paranatinga,CERRADO,MATO GROSSO,945.587481734308
Paranatinga,CERRADO,MATO GROSSO,74.8752839455458
Paranatinga,CERRADO,MATO GROSSO,415.973799697477
Paranatinga,CERRADO,MATO GROSSO,415.973799697477
Paranatinga,CERRADO,MATO GROSSO,749.584787054853
Paranatinga,CERRADO,MATO GROSSO,632.280175540165
Planalto Da Serra,CERRADO,MATO GROSSO,646.527000077148
Planalto Da Serra,CERRADO,MATO GROSSO,385.800398254394
Planalto Da Serra,CERRADO,MATO GROSSO,15.1793119590268
Planalto Da Serra,CERRADO,MATO GROSSO,6.07172478361073
Planalto Da Serra,CERRADO,MATO GROSSO,194.226339716497
Planalto Da Serra,CERRADO,MATO GROSSO,87.2680199147434
Planalto Da Serra,CERRADO,MATO GROSSO,4472.48818368255
Planalto Da Serra,CERRADO,MATO GROSSO,1019.16465796627
Planalto Da Serra,CERRADO,MATO GROSSO,2045.89180094365
Planalto Da Serra,CERRADO,MATO GROSSO,345.054601521402
Planalto Da Serra,CERRADO,MATO GROSSO,27.3227615262483
Planalto Da Serra,CERRADO,MATO GROSSO,151.793119590268
Planalto Da Serra,CERRADO,MATO GROSSO,151.793119590268
Planalto Da Serra,CERRADO,MATO GROSSO,273.531201501664
Planalto Da Serra,CERRADO,MATO GROSSO,230.725541777208
Primavera Do Leste,CERRADO,MATO GROSSO,8368.0960664639
Primavera Do Leste,CERRADO,MATO GROSSO,4993.47249950514
Primavera Do Leste,CERRADO,MATO GROSSO,196.468114527009
Primavera Do Leste,CERRADO,MATO GROSSO,78.5872458108036
Primavera Do Leste,CERRADO,MATO GROSSO,2513.90068657822
Primavera Do Leste,CERRADO,MATO GROSSO,1129.52308888804
Primavera Do Leste,CERRADO,MATO GROSSO,57888.0863022183
Primavera Do Leste,CERRADO,MATO GROSSO,13191.2012404569
Primavera Do Leste,CERRADO,MATO GROSSO,26480.2848602524
Primavera Do Leste,CERRADO,MATO GROSSO,4466.09353261652
Primavera Do Leste,CERRADO,MATO GROSSO,353.642606148616
Primavera Do Leste,CERRADO,MATO GROSSO,1964.68114527009
Primavera Do Leste,CERRADO,MATO GROSSO,1964.68114527009
Primavera Do Leste,CERRADO,MATO GROSSO,3540.3554237767
Primavera Do Leste,CERRADO,MATO GROSSO,2986.31534081054
Ribeirao Cascalheira,CERRADO,MATO GROSSO,103.464252746716
Ribeirao Cascalheira,CERRADO,MATO GROSSO,9.23848471985722
Ribeirao Cascalheira,CERRADO,MATO GROSSO,1.84033560156518
Ribeirao Cascalheira,CERRADO,MATO GROSSO,144.28231116271
Ribeirao Cascalheira,CERRADO,MATO GROSSO,11.0420136093911
Ribeirao Cascalheira,CERRADO,MATO GROSSO,5.52100680469555
Ribeirao Cascalheira,CERRADO,MATO GROSSO,14.3546176922084
Santo Antonio Do Leste,CERRADO,MATO GROSSO,4121.11179391573
Santo Antonio Do Leste,CERRADO,MATO GROSSO,2459.18046911242
Santo Antonio Do Leste,CERRADO,MATO GROSSO,96.7564255327416
Santo Antonio Do Leste,CERRADO,MATO GROSSO,38.7025702130966
Santo Antonio Do Leste,CERRADO,MATO GROSSO,1238.04335967288
Santo Antonio Do Leste,CERRADO,MATO GROSSO,556.266429800157
Santo Antonio Do Leste,CERRADO,MATO GROSSO,28508.6683150487
Santo Antonio Do Leste,CERRADO,MATO GROSSO,6496.38992862742
Santo Antonio Do Leste,CERRADO,MATO GROSSO,13040.9848760195
Santo Antonio Do Leste,CERRADO,MATO GROSSO,2199.45738956773
Santo Antonio Do Leste,CERRADO,MATO GROSSO,174.161565958935
Santo Antonio Do Leste,CERRADO,MATO GROSSO,967.564255327416
Santo Antonio Do Leste,CERRADO,MATO GROSSO,967.564255327416
Santo Antonio Do Leste,CERRADO,MATO GROSSO,1743.5507881
Santo Antonio Do Leste,CERRADO,MATO GROSSO,1470.69766809767
Serra Nova Dourada,CERRADO,MATO GROSSO,76.8069089770744
Serra Nova Dourada,CERRADO,MATO GROSSO,6.85820886080569
Serra Nova Dourada,CERRADO,MATO GROSSO,1.36617706390552
Serra Nova Dourada,CERRADO,MATO GROSSO,107.108281810193
Serra Nova Dourada,CERRADO,MATO GROSSO,8.1970623834331
Serra Nova Dourada,CERRADO,MATO GROSSO,4.09853119171655
Serra Nova Dourada,CERRADO,MATO GROSSO,10.656181098463
Agua Comprida,CERRADO,MINAS GERAIS,373.809985111084
Agua Comprida,CERRADO,MINAS GERAIS,10.0351673855325
Agua Comprida,CERRADO,MINAS GERAIS,989.082471566197
Agua Comprida,CERRADO,MINAS GERAIS,47.8666947364144
Cabeceira Grande,CERRADO,MINAS GERAIS,687.636449579902
Cabeceira Grande,CERRADO,MINAS GERAIS,18.4600389148967
Cabeceira Grande,CERRADO,MINAS GERAIS,1819.45155608238
Cabeceira Grande,CERRADO,MINAS GERAIS,88.0524473199712
Capinopolis,CERRADO,MINAS GERAIS,951.628596867452
Capinopolis,CERRADO,MINAS GERAIS,25.5470764259719
Capinopolis,CERRADO,MINAS GERAIS,2517.96153685682
Capinopolis,CERRADO,MINAS GERAIS,121.856872108861
Conquista,CERRADO,MINAS GERAIS,450.238162082461
Conquista,CERRADO,MINAS GERAIS,12.0869305257037
Conquista,CERRADO,MINAS GERAIS,1191.30759445499
Conquista,CERRADO,MINAS GERAIS,57.6533894799012
Formoso,CERRADO,MINAS GERAIS,2005.60633379727
Formoso,CERRADO,MINAS GERAIS,53.841780773081
Formoso,CERRADO,MINAS GERAIS,5306.73376483383
Formoso,CERRADO,MINAS GERAIS,256.819640900616
Gurinhata,CERRADO,MINAS GERAIS,4.17494795575417
Gurinhata,CERRADO,MINAS GERAIS,0.11207913975179
Gurinhata,CERRADO,MINAS GERAIS,11.0467028897328
Gurinhata,CERRADO,MINAS GERAIS,0.534605728306363
Ituiutaba,CERRADO,MINAS GERAIS,916.848625179931
Ituiutaba,CERRADO,MINAS GERAIS,24.6133859108706
Ituiutaba,CERRADO,MINAS GERAIS,2425.93547621675
Ituiutaba,CERRADO,MINAS GERAIS,117.403266389332
Monte Alegre De Minas,CERRADO,MINAS GERAIS,2382.66033891411
Monte Alegre De Minas,CERRADO,MINAS GERAIS,63.9640359440029
Monte Alegre De Minas,CERRADO,MINAS GERAIS,6304.39975062624
Monte Alegre De Minas,CERRADO,MINAS GERAIS,305.10173522912
Paracatu,CERRADO,MINAS GERAIS,4423.24517749661
Paracatu,CERRADO,MINAS GERAIS,118.744836979775
Paracatu,CERRADO,MINAS GERAIS,11703.6848847189
Paracatu,CERRADO,MINAS GERAIS,566.400404185643
Prata,CERRADO,MINAS GERAIS,764.831847707365
Prata,CERRADO,MINAS GERAIS,20.5323985961709
Prata,CERRADO,MINAS GERAIS,2023.70670766898
Prata,CERRADO,MINAS GERAIS,97.9373854018825
Santa Vitoria,CERRADO,MINAS GERAIS,114.606068494968
Santa Vitoria,CERRADO,MINAS GERAIS,3.07667297973069
Santa Vitoria,CERRADO,MINAS GERAIS,303.241908987002
Santa Vitoria,CERRADO,MINAS GERAIS,14.6754070626525
Uberaba,CERRADO,MINAS GERAIS,3696.04596958085
Uberaba,CERRADO,MINAS GERAIS,99.2227105927745
Uberaba,CERRADO,MINAS GERAIS,9779.55225441331
Uberaba,CERRADO,MINAS GERAIS,473.281911142922
Uberlandia,CERRADO,MINAS GERAIS,1375.14733913768
Uberlandia,CERRADO,MINAS GERAIS,36.9167070909445
Uberlandia,CERRADO,MINAS GERAIS,3638.57088664389
Uberlandia,CERRADO,MINAS GERAIS,176.088816569561
Unai,CERRADO,MINAS GERAIS,496.852667786222
Unai,CERRADO,MINAS GERAIS,13.3383266519791
Unai,CERRADO,MINAS GERAIS,1314.64723852205
Unai,CERRADO,MINAS GERAIS,63.6224176056419
Arapoti,CERRADO,PARANA,8116.18261570002
Arapoti,CERRADO,PARANA,132.180007666313
Arapoti,CERRADO,PARANA,101.676928974087
Arapoti,CERRADO,PARANA,506.595639305137
Arapoti,CERRADO,PARANA,100.660159684346
Sao Jose Da Boa Vista,CERRADO,PARANA,3705.47361818071
Sao Jose Da Boa Vista,CERRADO,PARANA,60.3472783265121
Sao Jose Da Boa Vista,CERRADO,PARANA,46.4209833280862
Sao Jose Da Boa Vista,CERRADO,PARANA,231.288139438773
Sao Jose Da Boa Vista,CERRADO,PARANA,45.9567734948053
Senges,CERRADO,PARANA,3202.03549897444
Senges,CERRADO,PARANA,52.1482939508433
Senges,CERRADO,PARANA,40.1140722698795
Senges,CERRADO,PARANA,199.864554247809
Senges,CERRADO,PARANA,39.7129315471807
Ribeiro Goncalves,CERRADO,PIAUI,24511.5
Ribeiro Goncalves,CERRADO,PIAUI,590
Ribeiro Goncalves,CERRADO,PIAUI,100
Ribeiro Goncalves,CERRADO,PIAUI,1000
Ribeiro Goncalves,CERRADO,PIAUI,150
Ribeiro Goncalves,CERRADO,PIAUI,1720
Brejinho De Nazare,CERRADO,TOCANTINS,1783.39029760371
Brejinho De Nazare,CERRADO,TOCANTINS,17.6806704983844
Brejinho De Nazare,CERRADO,TOCANTINS,88.4033524919222
Brejinho De Nazare,CERRADO,TOCANTINS,88.4033524919222
Brejinho De Nazare,CERRADO,TOCANTINS,58.9355683279481
Brejinho De Nazare,CERRADO,TOCANTINS,383.081194131663
Brejinho De Nazare,CERRADO,TOCANTINS,24.5059986664441
Brejinho De Nazare,CERRADO,TOCANTINS,294.677841639741
Ipueiras,CERRADO,TOCANTINS,587.386473905839
Ipueiras,CERRADO,TOCANTINS,5.82339531301228
Ipueiras,CERRADO,TOCANTINS,29.1169765650614
Ipueiras,CERRADO,TOCANTINS,29.1169765650614
Ipueiras,CERRADO,TOCANTINS,19.4113177100409
Ipueiras,CERRADO,TOCANTINS,126.173565115266
Ipueiras,CERRADO,TOCANTINS,8.07142001701212
Ipueiras,CERRADO,TOCANTINS,97.0565885502047
Mateiros,CERRADO,TOCANTINS,24.8201881773644
Mateiros,CERRADO,TOCANTINS,0.246069281335403
Mateiros,CERRADO,TOCANTINS,1.23034640667702
Mateiros,CERRADO,TOCANTINS,1.23034640667702
Mateiros,CERRADO,TOCANTINS,0.820230937784678
Mateiros,CERRADO,TOCANTINS,5.33150109560041
Mateiros,CERRADO,TOCANTINS,0.341060226240247
Mateiros,CERRADO,TOCANTINS,4.10115468892339
Porto Naciona,CERRADO,TOCANTINS,3656.40304031309
Porto Naciona,CERRADO,TOCANTINS,36.2498649072679
Porto Naciona,CERRADO,TOCANTINS,181.249324536339
Porto Naciona,CERRADO,TOCANTINS,181.249324536339
Porto Naciona,CERRADO,TOCANTINS,120.832883024226
Porto Naciona,CERRADO,TOCANTINS,785.413739657471
Porto Naciona,CERRADO,TOCANTINS,50.2435210903035
Porto Naciona,CERRADO,TOCANTINS,604.164415121131
Arapora,MATA ATLANTICA,MINAS GERAIS,32.0896976341874
Arapora,MATA ATLANTICA,MINAS GERAIS,0.86146839286409
Arapora,MATA ATLANTICA,MINAS GERAIS,84.9077304299458
Arapora,MATA ATLANTICA,MINAS GERAIS,4.10911377978046
Cachoeira Dourada,MATA ATLANTICA,MINAS GERAIS,533.736850926894
Cachoeira Dourada,MATA ATLANTICA,MINAS GERAIS,14.3285060651515
Cachoeira Dourada,MATA ATLANTICA,MINAS GERAIS,1412.24093712706
Cachoeira Dourada,MATA ATLANTICA,MINAS GERAIS,68.3454694376359
Canapolis,MATA ATLANTICA,MINAS GERAIS,589.402682099942
Canapolis,MATA ATLANTICA,MINAS GERAIS,15.8228907946293
Canapolis,MATA ATLANTICA,MINAS GERAIS,1559.52993440215
Canapolis,MATA ATLANTICA,MINAS GERAIS,75.4735276868485
Centralina,MATA ATLANTICA,MINAS GERAIS,678.836359985138
Centralina,MATA ATLANTICA,MINAS GERAIS,18.2237948989299
Centralina,MATA ATLANTICA,MINAS GERAIS,1796.16696039721
Centralina,MATA ATLANTICA,MINAS GERAIS,86.9255881694312
Ipiacu,MATA ATLANTICA,MINAS GERAIS,399.095194412321
Ipiacu,MATA ATLANTICA,MINAS GERAIS,10.7139649506663
Ipiacu,MATA ATLANTICA,MINAS GERAIS,1055.98586715715
Ipiacu,MATA ATLANTICA,MINAS GERAIS,51.1044878483586
Tupaciguara,MATA ATLANTICA,MINAS GERAIS,1473.50670524986
Tupaciguara,MATA ATLANTICA,MINAS GERAIS,39.5572269865733
Tupaciguara,MATA ATLANTICA,MINAS GERAIS,3898.82483600537
Tupaciguara,MATA ATLANTICA,MINAS GERAIS,188.683819217121
Alto Paraiso,MATA ATLANTICA,PARANA,9.63284123141205
Alto Paraiso,MATA ATLANTICA,PARANA,0.156880283269305
Alto Paraiso,MATA ATLANTICA,PARANA,0.120677140976388
Alto Paraiso,MATA ATLANTICA,PARANA,0.601262390586461
Alto Paraiso,MATA ATLANTICA,PARANA,0.119470369566624
Andira,MATA ATLANTICA,PARANA,2250.002970055
Andira,MATA ATLANTICA,PARANA,36.6435088899792
Andira,MATA ATLANTICA,PARANA,28.1873145307533
Andira,MATA ATLANTICA,PARANA,140.440616854598
Andira,MATA ATLANTICA,PARANA,27.9054413854457
Bandeirantes,MATA ATLANTICA,PARANA,3234.37930942949
Bandeirantes,MATA ATLANTICA,PARANA,52.6750446803841
Bandeirantes,MATA ATLANTICA,PARANA,40.519265138757
Bandeirantes,MATA ATLANTICA,PARANA,201.883389223668
Bandeirantes,MATA ATLANTICA,PARANA,40.1140724873694
Barra Do Jacare,MATA ATLANTICA,PARANA,1063.12644286954
Barra Do Jacare,MATA ATLANTICA,PARANA,17.3140585941136
Barra Do Jacare,MATA ATLANTICA,PARANA,13.3185066108566
Barra Do Jacare,MATA ATLANTICA,PARANA,66.3581939304652
Barra Do Jacare,MATA ATLANTICA,PARANA,13.1853215447481
Cambara,MATA ATLANTICA,PARANA,2992.5039328124
Cambara,MATA ATLANTICA,PARANA,48.7358665409355
Cambara,MATA ATLANTICA,PARANA,37.4891281084119
Cambara,MATA ATLANTICA,PARANA,186.786019332992
Cambara,MATA ATLANTICA,PARANA,37.1142368273278
Carlopolis,MATA ATLANTICA,PARANA,632.813361026452
Carlopolis,MATA ATLANTICA,PARANA,10.3059872938317
Carlopolis,MATA ATLANTICA,PARANA,7.92768253371666
Carlopolis,MATA ATLANTICA,PARANA,39.4989250944026
Carlopolis,MATA ATLANTICA,PARANA,7.8484057083795
Congonhinhas,MATA ATLANTICA,PARANA,3154.22289371527
Congonhinhas,MATA ATLANTICA,PARANA,51.3696187005503
Congonhinhas,MATA ATLANTICA,PARANA,39.5150913081156
Congonhinhas,MATA ATLANTICA,PARANA,196.880188509012
Congonhinhas,MATA ATLANTICA,PARANA,39.1199403950344
Conselheiro Mairinck,MATA ATLANTICA,PARANA,1341.35331366882
Conselheiro Mairinck,MATA ATLANTICA,PARANA,21.8452565299613
Conselheiro Mairinck,MATA ATLANTICA,PARANA,16.8040434845856
Conselheiro Mairinck,MATA ATLANTICA,PARANA,83.7245502778167
Conselheiro Mairinck,MATA ATLANTICA,PARANA,16.6360030497397
Curiuva,MATA ATLANTICA,PARANA,423.425432237463
Curiuva,MATA ATLANTICA,PARANA,6.89589915966086
Curiuva,MATA ATLANTICA,PARANA,5.30453781512374
Curiuva,MATA ATLANTICA,PARANA,26.4293557327616
Curiuva,MATA ATLANTICA,PARANA,5.2514924369725
Figueira,MATA ATLANTICA,PARANA,360.000486173485
Figueira,MATA ATLANTICA,PARANA,5.86296160096735
Figueira,MATA ATLANTICA,PARANA,4.50997046228257
Figueira,MATA ATLANTICA,PARANA,22.470499381129
Figueira,MATA ATLANTICA,PARANA,4.46487075765975
Francisco Alves,MATA ATLANTICA,PARANA,3634.45791208772
Francisco Alves,MATA ATLANTICA,PARANA,59.1907177831794
Francisco Alves,MATA ATLANTICA,PARANA,45.5313213716765
Francisco Alves,MATA ATLANTICA,PARANA,226.855483258848
Francisco Alves,MATA ATLANTICA,PARANA,45.0760081579597
Ibaiti,MATA ATLANTICA,PARANA,2833.5975049755
Ibaiti,MATA ATLANTICA,PARANA,46.1479192454818
Ibaiti,MATA ATLANTICA,PARANA,35.4983994196014
Ibaiti,MATA ATLANTICA,PARANA,176.867402760219
Ibaiti,MATA ATLANTICA,PARANA,35.1434154254054
Icaraima,MATA ATLANTICA,PARANA,45.8438047013034
Icaraima,MATA ATLANTICA,PARANA,0.746611398953671
Icaraima,MATA ATLANTICA,PARANA,0.574316460733593
Icaraima,MATA ATLANTICA,PARANA,2.86147720554136
Icaraima,MATA ATLANTICA,PARANA,0.568573296126257
Itaguaje,MATA ATLANTICA,PARANA,59.6250431169178
Itaguaje,MATA ATLANTICA,PARANA,0.971052405973827
Itaguaje,MATA ATLANTICA,PARANA,0.746963389210636
Itaguaje,MATA ATLANTICA,PARANA,3.72167412522002
Itaguaje,MATA ATLANTICA,PARANA,0.73949375531853
Jaboti,MATA ATLANTICA,PARANA,386.719230496644
Jaboti,MATA ATLANTICA,PARANA,6.29810260218601
Jaboti,MATA ATLANTICA,PARANA,4.84469430937386
Jaboti,MATA ATLANTICA,PARANA,24.1382291504959
Jaboti,MATA ATLANTICA,PARANA,4.79624736628012
Japira,MATA ATLANTICA,PARANA,1096.87647417137
Japira,MATA ATLANTICA,PARANA,17.8637110116904
Japira,MATA ATLANTICA,PARANA,13.7413161628388
Japira,MATA ATLANTICA,PARANA,68.4648023563088
Japira,MATA ATLANTICA,PARANA,13.6039030012104
Joaquim Tavora,MATA ATLANTICA,PARANA,780.469747971961
Joaquim Tavora,MATA ATLANTICA,PARANA,12.7107166207302
Joaquim Tavora,MATA ATLANTICA,PARANA,9.77747432363859
Joaquim Tavora,MATA ATLANTICA,PARANA,48.7153369574685
Joaquim Tavora,MATA ATLANTICA,PARANA,9.6796995804022
Leopolis,MATA ATLANTICA,PARANA,4624.38886949318
Leopolis,MATA ATLANTICA,PARANA,75.3127159853711
Leopolis,MATA ATLANTICA,PARANA,57.9328584502855
Leopolis,MATA ATLANTICA,PARANA,288.644963606995
Leopolis,MATA ATLANTICA,PARANA,57.3535298657826
Londrina,MATA ATLANTICA,PARANA,9319.51996756184
Londrina,MATA ATLANTICA,PARANA,151.777538664023
Londrina,MATA ATLANTICA,PARANA,116.75195281848
Londrina,MATA ATLANTICA,PARANA,581.705513482557
Londrina,MATA ATLANTICA,PARANA,115.584433290295
Nova Fatima,MATA ATLANTICA,PARANA,2805.212950889
Nova Fatima,MATA ATLANTICA,PARANA,45.685648895687
Nova Fatima,MATA ATLANTICA,PARANA,35.1428068428362
Nova Fatima,MATA ATLANTICA,PARANA,175.095696527781
Nova Fatima,MATA ATLANTICA,PARANA,34.7913787744078
Nova Santa Barbara,MATA ATLANTICA,PARANA,1242.42352984671
Nova Santa Barbara,MATA ATLANTICA,PARANA,20.2340878065348
Nova Santa Barbara,MATA ATLANTICA,PARANA,15.5646829281037
Nova Santa Barbara,MATA ATLANTICA,PARANA,77.5495540443986
Nova Santa Barbara,MATA ATLANTICA,PARANA,15.4090360988227
Paranapoema,MATA ATLANTICA,PARANA,249.398795205939
Paranapoema,MATA ATLANTICA,PARANA,4.06170440257486
Paranapoema,MATA ATLANTICA,PARANA,3.12438800198066
Paranapoema,MATA ATLANTICA,PARANA,15.5669664030084
Paranapoema,MATA ATLANTICA,PARANA,3.09314412196085
Pinhalao,MATA ATLANTICA,PARANA,970.313765417133
Pinhalao,MATA ATLANTICA,PARANA,15.8025129576886
Pinhalao,MATA ATLANTICA,PARANA,12.155779198222
Pinhalao,MATA ATLANTICA,PARANA,60.5650150561171
Pinhalao,MATA ATLANTICA,PARANA,12.0342214062397
Quatigua,MATA ATLANTICA,PARANA,3.16404259145296
Quatigua,MATA ATLANTICA,PARANA,0.0515295421256021
Quatigua,MATA ATLANTICA,PARANA,0.0396381093273863
Quatigua,MATA ATLANTICA,PARANA,0.197493114103316
Quatigua,MATA ATLANTICA,PARANA,0.0392417282341124
Ribeirao Claro,MATA ATLANTICA,PARANA,301.641041818674
Ribeirao Claro,MATA ATLANTICA,PARANA,4.91252071422598
Ribeirao Claro,MATA ATLANTICA,PARANA,3.77886208786614
Ribeirao Claro,MATA ATLANTICA,PARANA,18.8278213608947
Ribeirao Claro,MATA ATLANTICA,PARANA,3.74107346698748
Ribeirao Do Pinhal,MATA ATLANTICA,PARANA,2426.20627979687
Ribeirao Do Pinhal,MATA ATLANTICA,PARANA,39.5131529006322
Ribeirao Do Pinhal,MATA ATLANTICA,PARANA,30.3947330004863
Ribeirao Do Pinhal,MATA ATLANTICA,PARANA,151.438869675288
Ribeirao Do Pinhal,MATA ATLANTICA,PARANA,30.0907856704814
Salto Do Itarare,MATA ATLANTICA,PARANA,1054.68893504409
Salto Do Itarare,MATA ATLANTICA,PARANA,17.1766454897194
Salto Do Itarare,MATA ATLANTICA,PARANA,13.2128042228611
Salto Do Itarare,MATA ATLANTICA,PARANA,65.8315418240043
Salto Do Itarare,MATA ATLANTICA,PARANA,13.0806761806325
Santa Amelia,MATA ATLANTICA,PARANA,968.977809926501
Santa Amelia,MATA ATLANTICA,PARANA,15.7807556100098
Santa Amelia,MATA ATLANTICA,PARANA,12.1390427769306
Santa Amelia,MATA ATLANTICA,PARANA,60.4816274269931
Santa Amelia,MATA ATLANTICA,PARANA,12.0176523491613
Santa Ines,MATA ATLANTICA,PARANA,151.172030434846
Santa Ines,MATA ATLANTICA,PARANA,2.46198503507756
Santa Ines,MATA ATLANTICA,PARANA,1.89383464236736
Santa Ines,MATA ATLANTICA,PARANA,9.43585119130433
Santa Ines,MATA ATLANTICA,PARANA,1.87489629594368
Santo Antonio Da Platina,MATA ATLANTICA,PARANA,3451.43420280801
Santo Antonio Da Platina,MATA ATLANTICA,PARANA,56.2099968653293
Santo Antonio Da Platina,MATA ATLANTICA,PARANA,43.2384591271764
Santo Antonio Da Platina,MATA ATLANTICA,PARANA,215.431514947539
Santo Antonio Da Platina,MATA ATLANTICA,PARANA,42.8060745359046
Santo Inacio,MATA ATLANTICA,PARANA,412.945843209614
Santo Inacio,MATA ATLANTICA,PARANA,6.7252287566365
Santo Inacio,MATA ATLANTICA,PARANA,5.17325288972039
Santo Inacio,MATA ATLANTICA,PARANA,25.7752410640073
Santo Inacio,MATA ATLANTICA,PARANA,5.12152036082318
Sapopema,MATA ATLANTICA,PARANA,591.188310237877
Sapopema,MATA ATLANTICA,PARANA,9.62808244707509
Sapopema,MATA ATLANTICA,PARANA,7.40621726698084
Sapopema,MATA ATLANTICA,PARANA,36.9007739420917
Sapopema,MATA ATLANTICA,PARANA,7.33215509431103
Siqueira Campos,MATA ATLANTICA,PARANA,464.063113144922
Siqueira Campos,MATA ATLANTICA,PARANA,7.55772371785878
Siqueira Campos,MATA ATLANTICA,PARANA,5.81363362912214
Siqueira Campos,MATA ATLANTICA,PARANA,28.9658772619063
Siqueira Campos,MATA ATLANTICA,PARANA,5.75549729283091
Terra Roxa,MATA ATLANTICA,PARANA,11463.7650789774
Terra Roxa,MATA ATLANTICA,PARANA,186.698676923912
Terra Roxa,MATA ATLANTICA,PARANA,143.614366864548
Terra Roxa,MATA ATLANTICA,PARANA,715.544939537758
Terra Roxa,MATA ATLANTICA,PARANA,142.178223195902
Agua Santa,MATA ATLANTICA,RIO GRANDE DO SUL,419.27575874957
Agudo,MATA ATLANTICA,RIO GRANDE DO SUL,19.7668544684277
Ajuricaba,MATA ATLANTICA,RIO GRANDE DO SUL,398.945511571532
Alecrim,MATA ATLANTICA,RIO GRANDE DO SUL,49.5409961275825
Almirante Tamandare Do Sul,MATA ATLANTICA,RIO GRANDE DO SUL,491.446674014266
Alpestre,MATA ATLANTICA,RIO GRANDE DO SUL,7.57152018073795
Ametista Do Sul,MATA ATLANTICA,RIO GRANDE DO SUL,9.24764924543676
Aratiba,MATA ATLANTICA,RIO GRANDE DO SUL,16.1008268961943
Arroio Do Meio,MATA ATLANTICA,RIO GRANDE DO SUL,29.347527525285
Arroio Do Tigre,MATA ATLANTICA,RIO GRANDE DO SUL,219.813392541173
Arvorezinha,MATA ATLANTICA,RIO GRANDE DO SUL,16.7200898735774
Aurea,MATA ATLANTICA,RIO GRANDE DO SUL,170.916434537006
Barra Do Rio Azul,MATA ATLANTICA,RIO GRANDE DO SUL,13.07882693161
Barra Funda,MATA ATLANTICA,RIO GRANDE DO SUL,107.677359016197
Barracao,MATA ATLANTICA,RIO GRANDE DO SUL,640.317371794274
Barros Cassal,MATA ATLANTICA,RIO GRANDE DO SUL,111.467241287061
Benjamin Constant Do Sul,MATA ATLANTICA,RIO GRANDE DO SUL,21.0549201994926
Boa Vista Das Missoes,MATA ATLANTICA,RIO GRANDE DO SUL,457.758795385618
Bom Jesus,MATA ATLANTICA,RIO GRANDE DO SUL,231.191315262052
Bom Retiro Do Sul,MATA ATLANTICA,RIO GRANDE DO SUL,2.00640826104531
Boqueirao Do Leao,MATA ATLANTICA,RIO GRANDE DO SUL,3.71557786429866
Brochier,MATA ATLANTICA,RIO GRANDE DO SUL,0.024775146032614
Caicara,MATA ATLANTICA,RIO GRANDE DO SUL,52.8107054894266
Camargo,MATA ATLANTICA,RIO GRANDE DO SUL,178.347579749837
Campestre Da Serra,MATA ATLANTICA,RIO GRANDE DO SUL,158.035777226357
Campinas Do Sul,MATA ATLANTICA,RIO GRANDE DO SUL,383.942719988764
Capao Bonito Do Sul,MATA ATLANTICA,RIO GRANDE DO SUL,564.767351648134
Carlos Gomes,MATA ATLANTICA,RIO GRANDE DO SUL,64.4032970690105
Casca,MATA ATLANTICA,RIO GRANDE DO SUL,231.851863138978
Caseiros,MATA ATLANTICA,RIO GRANDE DO SUL,199.154801067836
Catuipe,MATA ATLANTICA,RIO GRANDE DO SUL,814.668644775531
Centenario,MATA ATLANTICA,RIO GRANDE DO SUL,166.210040115201
Cerro Grande,MATA ATLANTICA,RIO GRANDE DO SUL,86.6967432232694
Chapada,MATA ATLANTICA,RIO GRANDE DO SUL,1040.36090816347
Charrua,MATA ATLANTICA,RIO GRANDE DO SUL,262.616821355639
Chiapetta,MATA ATLANTICA,RIO GRANDE DO SUL,719.200837363422
Ciriaco,MATA ATLANTICA,RIO GRANDE DO SUL,264.218646013773
Colinas,MATA ATLANTICA,RIO GRANDE DO SUL,13.376065589402
Colorado,MATA ATLANTICA,RIO GRANDE DO SUL,558.698576572933
Condor,MATA ATLANTICA,RIO GRANDE DO SUL,920.868023316457
Constantina,MATA ATLANTICA,RIO GRANDE DO SUL,267.025966603886
Coqueiro Baixo,MATA ATLANTICA,RIO GRANDE DO SUL,0.743117676013045
Coqueiros Do Sul,MATA ATLANTICA,RIO GRANDE DO SUL,367.84189309257
Coronel Bicaco,MATA ATLANTICA,RIO GRANDE DO SUL,899.342459468478
Coxilha,MATA ATLANTICA,RIO GRANDE DO SUL,972.65488222559
Cruzaltense,MATA ATLANTICA,RIO GRANDE DO SUL,174.632012401305
Cruzeiro Do Sul,MATA ATLANTICA,RIO GRANDE DO SUL,84.4674007109968
David Canabarro,MATA ATLANTICA,RIO GRANDE DO SUL,189.593014327734
Dois Irmaos Das Missoes,MATA ATLANTICA,RIO GRANDE DO SUL,445.373546353723
Dois Lajeados,MATA ATLANTICA,RIO GRANDE DO SUL,17.8347611297137
Dona Francisca,MATA ATLANTICA,RIO GRANDE DO SUL,6.18436438130918
Doutor Ricardo,MATA ATLANTICA,RIO GRANDE DO SUL,0.792657452311705
Engenho Velho,MATA ATLANTICA,RIO GRANDE DO SUL,177.109064310837
Entre Rios Do Sul,MATA ATLANTICA,RIO GRANDE DO SUL,164.723815278942
Erebango,MATA ATLANTICA,RIO GRANDE DO SUL,240.769233188068
Erval Grande,MATA ATLANTICA,RIO GRANDE DO SUL,51.9437331147836
Erval Seco,MATA ATLANTICA,RIO GRANDE DO SUL,322.016474829286
Esmeralda,MATA ATLANTICA,RIO GRANDE DO SUL,747.078208143763
Estacao,MATA ATLANTICA,RIO GRANDE DO SUL,178.149420644642
Estrela,MATA ATLANTICA,RIO GRANDE DO SUL,31.3346814177456
Fagundes Varela,MATA ATLANTICA,RIO GRANDE DO SUL,11.559561556796
Fazenda Vilanova,MATA ATLANTICA,RIO GRANDE DO SUL,14.8623009414281
Floriano Peixoto,MATA ATLANTICA,RIO GRANDE DO SUL,151.595448571033
Fontoura Xavier,MATA ATLANTICA,RIO GRANDE DO SUL,71.8344422818413
Forquetinha,MATA ATLANTICA,RIO GRANDE DO SUL,2.22934251227257
Frederico Westphalen,MATA ATLANTICA,RIO GRANDE DO SUL,150.27435281718
Gaurama,MATA ATLANTICA,RIO GRANDE DO SUL,239.778416630562
Gentil,MATA ATLANTICA,RIO GRANDE DO SUL,282.383675824067
Getulio Vargas,MATA ATLANTICA,RIO GRANDE DO SUL,399.795837487699
Girua,MATA ATLANTICA,RIO GRANDE DO SUL,1472.68865760837
Glorinha,MATA ATLANTICA,RIO GRANDE DO SUL,16.7200898735774
Gramado Dos Loureiros,MATA ATLANTICA,RIO GRANDE DO SUL,139.730382963923
Gramado Xavier,MATA ATLANTICA,RIO GRANDE DO SUL,44.5868923085176
Guabiju,MATA ATLANTICA,RIO GRANDE DO SUL,189.197064169174
Guapore,MATA ATLANTICA,RIO GRANDE DO SUL,89.1737951328018
Ibarama,MATA ATLANTICA,RIO GRANDE DO SUL,10.8990241956361
Ibiaca,MATA ATLANTICA,RIO GRANDE DO SUL,475.593556515332
Ibiraiaras,MATA ATLANTICA,RIO GRANDE DO SUL,284.346622421889
Ibirapuita,MATA ATLANTICA,RIO GRANDE DO SUL,362.392380994752
Ibiruba,MATA ATLANTICA,RIO GRANDE DO SUL,1092.95693427842
Igrejinha,MATA ATLANTICA,RIO GRANDE DO SUL,0.297249173558531
Ijui,MATA ATLANTICA,RIO GRANDE DO SUL,87.5363535733042
Ilopolis,MATA ATLANTICA,RIO GRANDE DO SUL,1.05687660308227
Imigrante,MATA ATLANTICA,RIO GRANDE DO SUL,1.48622483625952
Independencia,MATA ATLANTICA,RIO GRANDE DO SUL,495.409950760058
Ipe,MATA ATLANTICA,RIO GRANDE DO SUL,164.433453932485
Ipiranga Do Sul,MATA ATLANTICA,RIO GRANDE DO SUL,296.255149692222
Itatiba Do Sul,MATA ATLANTICA,RIO GRANDE DO SUL,12.8806573106488
Jaboticaba,MATA ATLANTICA,RIO GRANDE DO SUL,136.237739350852
Jacutinga,MATA ATLANTICA,RIO GRANDE DO SUL,328.952211763364
Jaquirana,MATA ATLANTICA,RIO GRANDE DO SUL,0.198159105194643
Lagoa Bonita Do Sul,MATA ATLANTICA,RIO GRANDE DO SUL,32.201643276622
Lagoa Dos Tres Cantos,MATA ATLANTICA,RIO GRANDE DO SUL,280.897440472041
Lagoa Vermelha,MATA ATLANTICA,RIO GRANDE DO SUL,1305.40523113657
Lagoao,MATA ATLANTICA,RIO GRANDE DO SUL,81.1785736855333
Lajeado,MATA ATLANTICA,RIO GRANDE DO SUL,13.6237749866618
Lajeado Do Bugre,MATA ATLANTICA,RIO GRANDE DO SUL,81.7426394042045
Machadinho,MATA ATLANTICA,RIO GRANDE DO SUL,296.255149692222
Marau,MATA ATLANTICA,RIO GRANDE DO SUL,1217.22226307704
Mariano Moro,MATA ATLANTICA,RIO GRANDE DO SUL,3.71557786429866
Marques De Souza,MATA ATLANTICA,RIO GRANDE DO SUL,5.77978077839798
Mato Castelhano,MATA ATLANTICA,RIO GRANDE DO SUL,566.748984763146
Mato Leitao,MATA ATLANTICA,RIO GRANDE DO SUL,6.81188223544764
Miraguai,MATA ATLANTICA,RIO GRANDE DO SUL,115.925926311606
Montauri,MATA ATLANTICA,RIO GRANDE DO SUL,77.2839543796593
Monte Alegre Dos Campos,MATA ATLANTICA,RIO GRANDE DO SUL,56.1464643810801
Mucum,MATA ATLANTICA,RIO GRANDE DO SUL,5.94492037657122
Muitos Capoes,MATA ATLANTICA,RIO GRANDE DO SUL,376.246745710702
Nao-Me-Toque,MATA ATLANTICA,RIO GRANDE DO SUL,594.379792364783
Nonoai,MATA ATLANTICA,RIO GRANDE DO SUL,475.593556515332
Nova Alvorada,MATA ATLANTICA,RIO GRANDE DO SUL,137.922133808073
Nova Araca,MATA ATLANTICA,RIO GRANDE DO SUL,16.3650460469648
Nova Bassano,MATA ATLANTICA,RIO GRANDE DO SUL,20.8261286662873
Nova Boa Vista,MATA ATLANTICA,RIO GRANDE DO SUL,128.410265411865
Nova Brescia,MATA ATLANTICA,RIO GRANDE DO SUL,0.594487831350495
Nova Candelaria,MATA ATLANTICA,RIO GRANDE DO SUL,60.1923109259587
Nova Palma,MATA ATLANTICA,RIO GRANDE DO SUL,152.969522756852
Novo Barreiro,MATA ATLANTICA,RIO GRANDE DO SUL,99.081992255165
Novo Hamburgo,MATA ATLANTICA,RIO GRANDE DO SUL,1.23852595476622
Novo Xingu,MATA ATLANTICA,RIO GRANDE DO SUL,98.2563047800653
Paim Filho,MATA ATLANTICA,RIO GRANDE DO SUL,137.86810379945
Palmeira Das Missoes,MATA ATLANTICA,RIO GRANDE DO SUL,2358.15138833193
Palmitinho,MATA ATLANTICA,RIO GRANDE DO SUL,13.376065589402
Parai,MATA ATLANTICA,RIO GRANDE DO SUL,32.201643276622
Paraiso Do Sul,MATA ATLANTICA,RIO GRANDE DO SUL,59.4491932499457
Parobe,MATA ATLANTICA,RIO GRANDE DO SUL,2.97246018828561
Passa Sete,MATA ATLANTICA,RIO GRANDE DO SUL,55.733615385647
Passo Do Sobrado,MATA ATLANTICA,RIO GRANDE DO SUL,106.513137467996
Paulo Bento,MATA ATLANTICA,RIO GRANDE DO SUL,190.732828781733
Paverama,MATA ATLANTICA,RIO GRANDE DO SUL,13.6237749866618
Pejucara,MATA ATLANTICA,RIO GRANDE DO SUL,888.765459592433
Picada Cafe,MATA ATLANTICA,RIO GRANDE DO SUL,0.0165097535106978
Pinhal Da Serra,MATA ATLANTICA,RIO GRANDE DO SUL,299.103765697644
Pinhal Grande,MATA ATLANTICA,RIO GRANDE DO SUL,484.568700185943
Pontao,MATA ATLANTICA,RIO GRANDE DO SUL,926.416614966873
Ponte Preta,MATA ATLANTICA,RIO GRANDE DO SUL,122.531394565103
Porto Vera Cruz,MATA ATLANTICA,RIO GRANDE DO SUL,9.11553967005148
Pouso Novo,MATA ATLANTICA,RIO GRANDE DO SUL,0.297249173558531
Progresso,MATA ATLANTICA,RIO GRANDE DO SUL,0.470643648487127
Protasio Alves,MATA ATLANTICA,RIO GRANDE DO SUL,26.0090240185575
Putinga,MATA ATLANTICA,RIO GRANDE DO SUL,1.23852595476622
Quatro Irmaos,MATA ATLANTICA,RIO GRANDE DO SUL,535.042749765278
Quinze De Novembro,MATA ATLANTICA,RIO GRANDE DO SUL,297.245976765495
Redentora,MATA ATLANTICA,RIO GRANDE DO SUL,297.245976765495
Relvado,MATA ATLANTICA,RIO GRANDE DO SUL,2.63392611518377
Rio Dos Indios,MATA ATLANTICA,RIO GRANDE DO SUL,216.073050046608
Roca Sales,MATA ATLANTICA,RIO GRANDE DO SUL,63.6188944934542
Rondinha,MATA ATLANTICA,RIO GRANDE DO SUL,297.245976765495
Sananduva,MATA ATLANTICA,RIO GRANDE DO SUL,569.473746069939
Santa Barbara Do Sul,MATA ATLANTICA,RIO GRANDE DO SUL,2006.92930676295
Santa Cecilia Do Sul,MATA ATLANTICA,RIO GRANDE DO SUL,237.796783515549
Santa Clara Do Sul,MATA ATLANTICA,RIO GRANDE DO SUL,13.6237749866618
Santa Maria Do Herval,MATA ATLANTICA,RIO GRANDE DO SUL,0.0495397762986607
Santo Antonio Do Palma,MATA ATLANTICA,RIO GRANDE DO SUL,161.008237414643
Santo Antonio Do Planalto,MATA ATLANTICA,RIO GRANDE DO SUL,386.41976138253
Santo Augusto,MATA ATLANTICA,RIO GRANDE DO SUL,1012.70051971048
Santo Expedito Do Sul,MATA ATLANTICA,RIO GRANDE DO SUL,184.292500126408
Sao Domingos Do Sul,MATA ATLANTICA,RIO GRANDE DO SUL,50.5318126850888
Sao Francisco De Paula,MATA ATLANTICA,RIO GRANDE DO SUL,31.3759663172889
Sao Joao Da Urtiga,MATA ATLANTICA,RIO GRANDE DO SUL,166.457749512461
Sao Joao Do Polesine,MATA ATLANTICA,RIO GRANDE DO SUL,8.91738056485683
Sao Jorge,MATA ATLANTICA,RIO GRANDE DO SUL,76.3756971054731
Sao Jose Do Herval,MATA ATLANTICA,RIO GRANDE DO SUL,6.14307948176587
Sao Jose Do Ouro,MATA ATLANTICA,RIO GRANDE DO SUL,564.767351648134
Sao Jose Do Sul,MATA ATLANTICA,RIO GRANDE DO SUL,0.0412848995433118
Sao Valentim,MATA ATLANTICA,RIO GRANDE DO SUL,61.9262451594781
Sao Valentim Do Sul,MATA ATLANTICA,RIO GRANDE DO SUL,21.7980378755056
Sao Valerio Do Sul,MATA ATLANTICA,RIO GRANDE DO SUL,173.294406893941
Sarandi,MATA ATLANTICA,RIO GRANDE DO SUL,491.281534416093
Sede Nova,MATA ATLANTICA,RIO GRANDE DO SUL,151.10004029228
Segredo,MATA ATLANTICA,RIO GRANDE DO SUL,132.720331107514
Serafina Correa,MATA ATLANTICA,RIO GRANDE DO SUL,84.2692310900356
Sertao,MATA ATLANTICA,RIO GRANDE DO SUL,921.462521663574
Severiano De Almeida,MATA ATLANTICA,RIO GRANDE DO SUL,61.9262451594781
Silveira Martins,MATA ATLANTICA,RIO GRANDE DO SUL,83.2288747562306
Soledade,MATA ATLANTICA,RIO GRANDE DO SUL,743.114931397971
Tapejara,MATA ATLANTICA,RIO GRANDE DO SUL,320.010392557004
Taquari,MATA ATLANTICA,RIO GRANDE DO SUL,2.17980273597391
Tenente Portela,MATA ATLANTICA,RIO GRANDE DO SUL,287.337769127365
Teutonia,MATA ATLANTICA,RIO GRANDE DO SUL,12.3852490318956
Tio Hugo,MATA ATLANTICA,RIO GRANDE DO SUL,234.427994601108
Travesseiro,MATA ATLANTICA,RIO GRANDE DO SUL,2.45227676349982
Tres Coroas,MATA ATLANTICA,RIO GRANDE DO SUL,0.0165097535106978
Tres Palmeiras,MATA ATLANTICA,RIO GRANDE DO SUL,222.934482574121
Tunas,MATA ATLANTICA,RIO GRANDE DO SUL,118.898386499891
Tupanci Do Sul,MATA ATLANTICA,RIO GRANDE DO SUL,136.237739350852
Tuparendi,MATA ATLANTICA,RIO GRANDE DO SUL,187.358519089843
Vacaria,MATA ATLANTICA,RIO GRANDE DO SUL,1426.780669546
Vale Do Sol,MATA ATLANTICA,RIO GRANDE DO SUL,6.18476398043874
Vanini,MATA ATLANTICA,RIO GRANDE DO SUL,42.7703882759116
Venancio Aires,MATA ATLANTICA,RIO GRANDE DO SUL,60.6877192047119
Vespasiano Correa,MATA ATLANTICA,RIO GRANDE DO SUL,51.5226397583618
Viadutos,MATA ATLANTICA,RIO GRANDE DO SUL,201.136444698616
Vicente Dutra,MATA ATLANTICA,RIO GRANDE DO SUL,74.3114941913737
Victor Graeff,MATA ATLANTICA,RIO GRANDE DO SUL,445.868965148242
Vila Langaro,MATA ATLANTICA,RIO GRANDE DO SUL,313.842211940442
Vila Maria,MATA ATLANTICA,RIO GRANDE DO SUL,241.512350864081
Vista Gaucha,MATA ATLANTICA,RIO GRANDE DO SUL,60.1923109259587
Westfalia,MATA ATLANTICA,RIO GRANDE DO SUL,1.68439445722073
Arroio Dos Ratos,PAMPA,RIO GRANDE DO SUL,35.6695117436608
Barao Do Triunfo,PAMPA,RIO GRANDE DO SUL,3.83942204716202
Barra Do Ribeiro,PAMPA,RIO GRANDE DO SUL,57.4758150116883
Boa Vista Do Cadeado,PAMPA,RIO GRANDE DO SUL,928.769812177775
Butia,PAMPA,RIO GRANDE DO SUL,99.081992255165
Capivari Do Sul,PAMPA,RIO GRANDE DO SUL,34.4805360809598
Cerro Grande Do Sul,PAMPA,RIO GRANDE DO SUL,0.693577899714384
Charqueadas,PAMPA,RIO GRANDE DO SUL,33.4401692313882
Cidreira,PAMPA,RIO GRANDE DO SUL,7.43114521283075
Eldorado Do S,PAMPA,RIO GRANDE DO SUL,22.3842708301008
Encruzilhada Do Sul,PAMPA,RIO GRANDE DO SUL,743.114931397971
Eugenio De Castro,PAMPA,RIO GRANDE DO SUL,600.436863391795
Formigueiro,PAMPA,RIO GRANDE DO SUL,152.297281347503
General Camara,PAMPA,RIO GRANDE DO SUL,131.283635531787
Mariana Pimentel,PAMPA,RIO GRANDE DO SUL,7.92656400735049
Minas Do Leao,PAMPA,RIO GRANDE DO SUL,230.365627786952
Mostardas,PAMPA,RIO GRANDE DO SUL,91.1554282478145
Osorio,PAMPA,RIO GRANDE DO SUL,6.49812330837841
Palmares Do Sul,PAMPA,RIO GRANDE DO SUL,63.214310890543
Pantano Grande,PAMPA,RIO GRANDE DO SUL,277.553426703632
Restinga Seca,PAMPA,RIO GRANDE DO SUL,539.914283785256
Rio Pardo,PAMPA,RIO GRANDE DO SUL,1144.39699372193
Santo Antonio Da Patrulha,PAMPA,RIO GRANDE DO SUL,71.2151793044582
Sao Jeronimo,PAMPA,RIO GRANDE DO SUL,62.256513840058
Sentinela Do Sul,PAMPA,RIO GRANDE DO SUL,14.8623009414281
Sertao Santana,PAMPA,RIO GRANDE DO SUL,1.74218911027474
Tapes,PAMPA,RIO GRANDE DO SUL,143.68540483296
Tavares,PAMPA,RIO GRANDE DO SUL,5.72198612534397
Tramandai,PAMPA,RIO GRANDE DO SUL,0.0660495298093585
Triunfo,PAMPA,RIO GRANDE DO SUL,11.1467230771294
Vale Verde,PAMPA,RIO GRANDE DO SUL,123.852490318956
Viamao,PAMPA,RIO GRANDE DO SUL,12.3274543788416
Unknown Municipality Goias,UNKNOWN BIOME,GOIAS,525
Unknown Municipality Goias,UNKNOWN BIOME,GOIAS,2090
Unknown Municipality Goias,UNKNOWN BIOME,GOIAS,500
Unknown Municipality Goias,UNKNOWN BIOME,GOIAS,1000
Unknown Municipality Mato Grosso,UNKNOWN BIOME,MATO GROSSO,253.515
Unknown Municipality Mato Grosso Do Sul,UNKNOWN BIOME,MATO GROSSO DO SUL,39794.23
Paraiso Das Aguas,UNKNOWN BIOME,RIO GRANDE DO SUL,1426.780669546
Unknown Municipality,UNKNOWN BIOME,UNKNOWN STATE,383.575
Unknown Municipality,UNKNOWN BIOME,UNKNOWN STATE,61521.862
